Year,Month,Precipitation (mm),Specific Humidity (g/kg),Avg. Temp (C),Min Temp (C),Max Temp (C),Surface Pressure (kPa),Wind Speed (m/s),Relative Humidity (%),Dew Point (C),Cloud Amount
2000,1,52.989999999999995,3.8093548387096776,-0.036774193548387055,-10.24,7.77,97.52645161290323,3.2974193548387096,95.35709677419355,-0.7670967741935484,0.6004193548387097
2000,2,95.37,4.36896551724138,2.313448275862069,-3.62,9.78,97.16724137931034,3.9372413793103447,93.09034482758621,1.2631034482758619,0.736448275862069
2000,3,78.81,4.862903225806452,4.362580645161291,-3.59,13.45,97.09290322580645,3.499032258064516,89.87838709677419,2.7409677419354836,0.7813870967741935
2000,4,52.2,6.022666666666667,8.017,-3.09,20.87,96.041,2.9963333333333333,84.47466666666666,5.356,0.7497333333333334
2000,5,78.89,8.006129032258064,13.35741935483871,2.96,24.32,96.8083870967742,2.5996774193548386,80.55709677419355,9.844193548387098,0.7950967741935484
2000,6,42.05,8.777999999999999,15.450333333333333,3.25,27.48,97.26666666666667,2.5463333333333336,77.193,11.121333333333332,0.6701333333333334
2000,7,163.49,8.700645161290323,14.149032258064516,7.04,24.14,96.59096774193549,2.7683870967741933,83.68612903225807,11.228064516129033,0.8137741935483871
2000,8,67.36,9.42483870967742,16.885483870967743,8.62,26.79,97.09322580645161,1.884516129032258,77.27612903225807,12.479354838709678,0.6296129032258064
2000,9,102.22999999999999,8.576666666666666,13.623333333333333,5.56,24.47,96.71666666666667,2.454,85.16366666666666,11.026666666666667,0.7230333333333333
2000,10,92.73,6.621935483870968,8.704516129032259,1.56,17.26,96.57064516129033,3.3529032258064517,90.44903225806452,7.191935483870967,0.8099999999999999
2000,11,110.56,5.4479999999999995,4.923666666666667,-0.5,11.26,95.81099999999999,3.9776666666666665,95.47533333333334,4.2669999999999995,0.8528666666666668
2000,12,75.67999999999999,4.726774193548387,2.4938709677419357,-8.42,11.13,96.22483870967741,3.696774193548387,95.95290322580645,1.864516129032258,0.7842580645161291
2001,1,106.11,3.9096774193548387,0.11612903225806451,-8.86,8.71,96.38806451612902,3.431935483870968,95.57225806451612,-0.5877419354838709,0.6671677419354839
2001,2,77.31,4.228928571428571,1.8178571428571428,-6.07,10.52,96.88821428571428,3.570357142857143,92.17428571428572,0.5860714285714286,0.7116392857142857
2001,3,140.32,5.10258064516129,4.064516129032258,-4.6,13.15,95.71387096774194,3.331935483870968,92.99870967741936,2.9935483870967743,0.865758064516129
2001,4,117.52,5.284000000000001,5.739333333333334,-4.87,17.16,96.46066666666667,3.1679999999999997,87.34866666666667,3.661,0.8000433333333333
2001,5,23.68,7.831612903225807,12.87258064516129,1.92,22.92,96.95129032258063,2.9374193548387098,81.90129032258065,9.60225806451613,0.7157258064516129
2001,6,70.73,7.8693333333333335,13.406333333333333,3.57,25.6,96.96366666666667,2.4746666666666663,79.29433333333333,9.606,0.7852666666666667
2001,7,82.9,9.516129032258064,17.370322580645162,7.67,28.58,96.80290322580645,2.7061290322580644,75.51935483870967,12.57548387096774,0.7368193548387096
2001,8,64.86,9.150645161290322,17.873870967741937,7.81,31.77,96.94516129032259,2.4129032258064513,71.27354838709678,11.964193548387096,0.6594387096774194
2001,9,120.14999999999999,7.274333333333333,10.812999999999999,2.96,20.06,96.56566666666666,3.1733333333333333,86.99766666666666,8.581999999999999,0.8158833333333334
2001,10,61.11,7.97,11.453225806451613,4.15,21.89,96.97645161290322,2.906774193548387,90.80645161290323,9.981935483870968,0.6747870967741935
2001,11,103.85,4.540333333333334,2.7706666666666666,-5.96,11.54,97.33166666666666,2.6806666666666668,93.23633333333333,1.768,0.6200233333333334
2001,12,76.75999999999999,3.5851612903225805,-1.0529032258064517,-14.68,10.47,97.3483870967742,3.52,94.50709677419354,-1.957741935483871,0.5631161290322582
2002,1,64.95,3.5974193548387094,-1.7038709677419355,-16.58,10.46,97.48838709677419,3.5354838709677416,96.98225806451612,-2.2993548387096774,0.5773064516129032
2002,2,165.71,4.825357142857143,3.5710714285714285,-4.48,11.33,96.46035714285713,5.4350000000000005,92.46464285714286,2.4267857142857143,0.7554714285714285
2002,3,66.87,4.825483870967742,4.558064516129033,-3.69,14.37,96.9574193548387,3.0438709677419356,86.89,2.4051612903225807,0.6298870967741935
2002,4,48.45,5.254666666666666,6.8406666666666665,-3.13,17.88,96.71633333333332,3.227,81.69233333333334,3.6636666666666664,0.61553
2002,5,70.12,7.344516129032258,11.801290322580645,2.26,23.97,96.64322580645161,2.701935483870968,82.24709677419354,8.629999999999999,0.8109258064516129
2002,6,41.2,9.120666666666667,15.909666666666668,5.54,28.71,96.89899999999999,2.5853333333333333,78.24833333333332,11.796666666666665,0.7737499999999999
2002,7,85.41,9.054516129032258,16.65032258064516,7.53,30.07,96.78483870967742,2.750967741935484,75.62774193548387,11.831290322580644,0.7450709677419355
2002,8,86.50999999999999,9.57258064516129,17.718387096774194,10.38,30.2,96.81483870967742,2.0551612903225807,75.34161290322581,12.741935483870968,0.7404741935483871
2002,9,37.519999999999996,6.792,12.396333333333333,1.37,22.71,97.14866666666667,2.4876666666666667,75.03099999999999,7.499,0.58893
2002,10,112.67999999999999,6.166129032258064,8.259354838709678,-0.54,19.63,96.49387096774193,3.417741935483871,86.3141935483871,5.92741935483871,0.806358064516129
2002,11,125.63000000000001,5.812333333333333,5.913333333333333,0.87,14.26,96.09266666666667,2.8449999999999998,95.50466666666667,5.259,0.8248099999999999
2002,12,90.98,4.376129032258064,1.3554838709677417,-10.55,9.64,96.66935483870968,3.391935483870968,95.82516129032258,0.6961290322580644,0.7456322580645162
2003,1,108.83,3.549032258064516,-1.4632258064516128,-15.75,11.2,96.66387096774193,3.9016129032258067,95.02193548387096,-2.2816129032258066,0.6676161290322581
2003,2,24.01,2.950714285714286,-3.0417857142857145,-12.45,9.99,97.16892857142857,2.8407142857142857,93.2532142857143,-4.234285714285714,0.42449642857142855
2003,3,36.56,4.841935483870968,4.8667741935483875,-4.0,16.59,97.47322580645161,2.6606451612903226,85.94096774193548,2.5245161290322584,0.5124354838709677
2003,4,62.07,5.303333333333333,7.133333333333334,-5.37,19.68,96.81933333333333,3.21,78.71133333333334,3.3113333333333332,0.57423
2003,5,86.85,7.523870967741936,12.21483870967742,1.96,24.1,96.98903225806451,2.6906451612903224,81.38064516129033,8.854193548387098,0.8189064516129032
2003,6,67.84,10.180666666666667,17.930999999999997,6.54,26.43,96.932,2.101,77.22233333333334,13.560666666666666,0.6966566666666666
2003,7,59.19,8.925483870967742,18.289032258064516,9.33,31.84,96.93483870967742,2.387741935483871,68.60612903225807,11.630645161290323,0.6550258064516129
2003,8,63.410000000000004,8.677741935483871,21.06,7.94,36.89,97.06290322580645,2.0261290322580647,58.625483870967734,11.108387096774194,0.4803516129032258
2003,9,33.91,6.571,13.651000000000002,3.31,27.83,97.29433333333333,2.2546666666666666,68.32166666666667,7.072,0.49129666666666666
2003,10,74.0,5.0280645161290325,5.529032258064516,-5.5,21.24,96.50354838709679,3.2083870967741936,83.42096774193548,2.64,0.7061806451612903
2003,11,49.22,5.3726666666666665,5.113666666666666,-1.96,12.6,96.77966666666666,3.103333333333333,93.06099999999999,4.104,0.6949833333333333
2003,12,61.79,3.922258064516129,0.5638709677419355,-7.14,8.85,96.93129032258064,3.4764516129032255,93.84258064516129,-0.3809677419354839,0.6674032258064516
2004,1,105.27,3.7206451612903226,-0.3770967741935484,-8.75,8.87,96.13354838709677,4.02258064516129,94.72741935483872,-1.2235483870967743,0.8544258064516129
2004,2,35.62,4.001724137931034,1.1051724137931034,-8.92,11.5,97.06310344827585,3.6748275862068964,91.55,-0.20068965517241374,0.7513827586206896
2004,3,36.730000000000004,4.224193548387096,2.679677419354839,-7.38,17.25,97.18709677419355,3.1116129032258066,86.48935483870967,0.44709677419354843,0.6594516129032258
2004,4,54.55,5.710666666666667,7.963666666666667,-1.01,18.82,96.51766666666667,3.0559999999999996,82.452,4.893666666666666,0.7128766666666666
2004,5,60.64,6.361290322580645,10.47741935483871,0.75,21.16,96.74,2.3235483870967744,78.68709677419355,6.569677419354838,0.5919387096774194
2004,6,49.5,8.026,14.562666666666667,4.32,26.43,97.047,2.6713333333333336,75.68599999999999,9.945666666666666,0.68852
2004,7,99.60000000000001,8.768709677419354,16.118387096774192,6.16,27.46,96.93387096774192,2.5964516129032256,75.24,11.236129032258065,0.7098225806451613
2004,8,131.76,9.523548387096774,17.508709677419354,8.08,29.29,96.58354838709678,2.8383870967741935,75.41451612903225,12.56258064516129,0.7212096774193549
2004,9,53.519999999999996,7.513333333333334,13.616999999999999,4.96,25.81,97.211,2.9856666666666665,76.07566666666666,8.980666666666668,0.5688666666666666
2004,10,65.48,6.638709677419355,9.15548387096774,1.03,20.93,96.39967741935483,3.097741935483871,87.36645161290323,7.031935483870968,0.7904709677419355
2004,11,49.37,4.798,3.2150000000000003,-3.75,12.11,97.20633333333333,2.6666666666666665,94.633,2.4193333333333333,0.7655433333333334
2004,12,53.92,3.5283870967741935,-1.1280645161290321,-10.62,5.96,97.00612903225807,2.799032258064516,96.16451612903225,-1.7616129032258063,0.7202064516129032
2005,1,61.559999999999995,4.024193548387097,0.7796774193548388,-7.85,7.7,97.27064516129032,4.050645161290323,94.59806451612903,-0.05548387096774192,0.7137548387096774
2005,2,70.67999999999999,3.2692857142857146,-1.9714285714285715,-15.51,9.18,96.88928571428572,3.2225,93.76071428571429,-2.998214285714286,0.7642178571428572
2005,3,46.38,4.812258064516129,3.5016129032258063,-14.79,16.06,96.76322580645162,2.733548387096774,89.46290322580644,1.7993548387096774,0.7731354838709676
2005,4,68.59,5.866,8.121666666666666,-2.22,21.05,96.62533333333333,2.6253333333333333,83.166,5.212666666666666,0.7067966666666667
2005,5,78.29,7.161612903225806,11.457096774193548,0.96,26.8,96.91258064516128,2.712258064516129,80.1458064516129,7.862903225806452,0.6836516129032258
2005,6,34.26,8.508000000000001,16.220000000000002,3.16,29.44,97.141,2.17,71.845,10.63,0.6320966666666668
2005,7,84.53,9.289354838709679,17.61225806451613,7.18,28.69,96.81483870967743,2.7035483870967743,73.21483870967741,12.19032258064516,0.6953838709677419
2005,8,59.339999999999996,8.185806451612903,15.523548387096774,6.39,28.75,97.02258064516128,2.6048387096774195,74.32709677419355,10.390645161290323,0.604416129032258
2005,9,41.83,7.7443333333333335,15.044333333333332,2.96,28.71,97.12033333333333,2.258,71.04133333333334,9.188333333333333,0.5231066666666667
2005,10,50.91,7.120967741935484,11.186451612903225,1.59,20.27,97.08322580645161,3.0832258064516127,83.45032258064516,8.229032258064516,0.5630741935483872
2005,11,61.46,4.860666666666666,3.398,-5.2,16.31,96.85133333333333,2.947,93.58500000000001,2.3886666666666665,0.7649
2005,12,63.64,3.8083870967741937,-0.055483870967741926,-7.86,6.33,96.8316129032258,3.2235483870967743,95.74870967741936,-0.7212903225806452,0.8327645161290322
2006,1,25.19,2.9909677419354836,-2.8006451612903223,-10.41,3.91,97.43709677419355,2.953225806451613,93.38806451612903,-3.902258064516129,0.6567516129032258
2006,2,58.83,3.4957142857142856,-0.7842857142857144,-8.89,7.02,96.52964285714286,3.2310714285714286,92.97392857142857,-1.8710714285714285,0.8593142857142857
2006,3,89.91,4.044838709677419,1.1603225806451614,-9.37,15.44,96.21193548387097,3.5329032258064514,89.20129032258063,-0.631290322580645,0.7429967741935485
2006,4,46.3,5.318333333333333,6.851,-3.4,18.48,96.66233333333334,2.7809999999999997,82.24866666666667,3.768666666666667,0.6970500000000001
2006,5,119.75,7.443548387096774,12.124193548387098,2.0,21.61,96.76387096774194,3.2670967741935484,81.69774193548388,8.830645161290322,0.800841935483871
2006,6,38.03,8.847333333333333,15.770000000000001,4.33,26.38,97.291,2.1633333333333336,76.31766666666667,11.268666666666666,0.5119366666666667
2006,7,28.78,10.01032258064516,22.2041935483871,11.36,33.67,97.2267741935484,2.1361290322580646,60.75032258064516,13.327419354838709,0.44389354838709677
2006,8,159.66,8.585806451612902,14.65967741935484,5.71,24.44,96.49580645161289,2.855161290322581,80.91838709677418,11.059354838709679,0.8480806451612903
2006,9,22.22,9.456999999999999,16.128333333333334,6.39,25.72,96.82866666666668,2.2936666666666667,80.39733333333334,12.481666666666666,0.5926933333333333
2006,10,79.89,7.878709677419355,11.484193548387097,2.8,19.57,96.64709677419354,3.2361290322580643,89.29677419354839,9.710967741935484,0.7210870967741936
2006,11,77.61,5.861000000000001,6.194,-0.63,15.58,96.94066666666666,3.5746666666666664,94.06033333333333,5.316666666666666,0.7759633333333333
2006,12,67.22,4.550322580645162,2.2841935483870968,-4.46,11.93,97.48516129032258,3.7561290322580643,95.96870967741934,1.717741935483871,0.743558064516129
2007,1,102.96000000000001,4.990645161290323,3.5622580645161293,-7.95,11.16,96.97322580645161,5.016451612903226,94.44967741935484,2.7577419354838706,0.8609645161290324
2007,2,93.17,4.843571428571429,3.3992857142857145,-4.21,9.32,96.23142857142857,3.585,94.54642857142858,2.64,0.8345142857142857
2007,3,80.07000000000001,4.848709677419355,4.56741935483871,-2.87,13.74,96.69129032258064,3.4803225806451614,88.63548387096773,2.7364516129032257,0.603616129032258
2007,4,1.6,6.398666666666667,11.153333333333334,-1.84,23.74,97.23700000000001,2.2546666666666666,74.90566666666668,6.501333333333333,0.32134
2007,5,103.65,7.92483870967742,13.08548387096774,1.27,24.59,96.3741935483871,3.2854838709677416,80.38774193548387,9.505161290322581,0.7197967741935484
2007,6,137.44,9.790333333333333,16.062666666666665,6.93,25.23,96.532,2.744333333333333,82.91966666666667,12.969333333333333,0.76375
2007,7,111.72,9.101612903225806,15.306451612903226,4.75,26.7,96.64516129032258,3.258387096774194,81.22612903225807,11.842258064516129,0.6941032258064516
2007,8,113.6,9.132903225806452,15.384516129032258,5.21,26.74,96.78548387096774,2.62,81.24612903225807,11.908709677419356,0.6711516129032258
2007,9,70.2,7.321666666666667,11.677,2.35,21.09,97.16966666666667,2.564,83.30633333333334,8.705333333333334,0.6491933333333333
2007,10,38.980000000000004,6.239677419354839,7.994516129032258,-2.65,19.27,97.50161290322582,2.202258064516129,88.33548387096775,6.096774193548387,0.5881516129032258
2007,11,73.49,4.725333333333333,3.0573333333333332,-4.77,12.78,97.04833333333333,3.162,94.26266666666668,2.2056666666666667,0.8008666666666666
2007,12,96.07000000000001,4.016451612903226,0.5774193548387097,-6.48,10.45,97.30870967741936,3.6074193548387097,95.15354838709676,-0.182258064516129,0.7044225806451613
2008,1,73.63,4.420322580645161,2.0016129032258063,-4.78,10.05,96.90774193548387,4.1980645161290315,95.11096774193548,1.2880645161290323,0.8609354838709677
2008,2,65.54,4.188965517241379,2.093793103448276,-5.88,10.31,97.63310344827586,3.146206896551724,89.48586206896552,0.4906896551724138,0.5531862068965517
2008,3,134.1,4.506451612903225,2.888387096774194,-5.98,12.66,95.84225806451613,4.209032258064516,90.23935483870967,1.3554838709677417,0.8774000000000001
2008,4,70.37,5.3870000000000005,6.209333333333333,-3.26,17.11,96.279,2.616333333333333,86.83633333333334,4.036,0.8432166666666666
2008,5,73.58,8.046774193548387,13.692903225806452,3.84,23.14,96.72838709677418,2.5258064516129033,79.18806451612903,9.846774193548388,0.6000419354838711
2008,6,72.48,9.043666666666667,15.329666666666666,5.08,24.83,96.898,2.3310000000000004,80.15966666666667,11.670333333333334,0.68221
2008,7,85.01,9.516774193548386,16.634838709677418,6.94,28.0,96.8216129032258,2.5493548387096774,78.15548387096774,12.453225806451613,0.6737516129032257
2008,8,74.75,9.247741935483871,16.14,8.49,26.88,96.68258064516128,2.7399999999999998,78.86999999999999,12.153225806451612,0.7068774193548387
2008,9,67.28,7.008,11.198333333333332,1.48,23.03,97.03666666666666,2.778,80.804,7.720666666666667,0.6512833333333333
2008,10,77.34,6.3432258064516125,7.724193548387096,0.04,18.06,96.88354838709677,2.5283870967741935,90.81322580645161,6.377419354838709,0.7519225806451613
2008,11,57.55,5.125666666666667,3.945333333333333,-7.67,15.24,96.56133333333334,3.122666666666667,94.88533333333334,3.179666666666667,0.80302
2008,12,64.17,3.6503225806451614,-0.7174193548387098,-7.88,7.3,96.89354838709677,2.793548387096774,96.25322580645161,-1.32,0.6863322580645161
2009,1,49.66,2.9422580645161287,-3.4635483870967745,-13.93,4.99,96.53645161290324,2.9454838709677422,94.37870967741935,-4.359677419354839,0.6224645161290322
2009,2,64.56,3.7142857142857144,-0.18214285714285716,-8.81,8.41,96.48857142857142,3.089642857142857,94.27607142857143,-1.0814285714285714,0.8307749999999999
2009,3,74.34,4.3509677419354835,3.1164516129032256,-3.56,12.14,96.59064516129033,3.446451612903226,87.97870967741936,1.156774193548387,0.7132258064516129
2009,4,56.58,6.6386666666666665,10.085666666666667,-0.38,20.29,96.58766666666666,2.378,83.49333333333334,7.199666666666667,0.5451866666666666
2009,5,75.94,7.699677419354838,12.587096774193547,3.0,25.32,97.10935483870968,2.6851612903225806,81.87032258064517,9.31258064516129,0.6779096774193548
2009,6,82.06,8.301333333333334,14.196333333333333,2.44,24.71,96.88433333333334,2.661,79.089,10.333666666666666,0.64797
2009,7,116.34,9.57516129032258,16.82,7.35,26.78,96.76354838709678,2.7,77.82967741935484,12.60741935483871,0.7370903225806451
2009,8,49.580000000000005,9.076774193548387,17.90032258064516,6.96,30.55,97.03645161290324,2.028064516129032,70.32967741935484,11.784193548387098,0.5128032258064517
2009,9,46.910000000000004,7.843666666666667,14.019666666666666,5.3,26.37,97.29933333333334,2.5050000000000003,77.646,9.758666666666667,0.60098
2009,10,59.06,6.158387096774193,7.978387096774193,-3.88,21.42,96.93548387096774,2.890967741935484,86.60774193548387,5.743225806451613,0.696316129032258
2009,11,130.34,5.92,6.2556666666666665,-0.22,13.09,96.01433333333333,4.093666666666667,94.75533333333333,5.492999999999999,0.8585166666666667
2009,12,103.64,3.816774193548387,-0.3570967741935484,-14.17,7.84,95.88032258064516,3.4745161290322577,94.69483870967741,-1.2151612903225808,0.8386903225806452
2010,1,51.0,2.7825806451612904,-4.141612903225806,-14.16,2.04,96.47870967741936,2.6883870967741936,95.99483870967742,-4.940322580645161,0.836341935483871
2010,2,77.3,3.5417857142857145,-1.4035714285714287,-10.87,8.24,95.53999999999999,3.5453571428571427,95.59857142857142,-2.1939285714285712,0.8766535714285714
2010,3,62.33,4.496451612903226,2.9825806451612906,-10.04,15.74,96.82967741935484,3.627741935483871,87.8083870967742,1.0116129032258065,0.7430096774193549
2010,4,21.89,5.3276666666666666,7.277333333333333,-2.58,21.48,97.06266666666667,2.789,81.03533333333333,3.897666666666667,0.5571466666666667
2010,5,92.37,6.26516129032258,9.536774193548387,-0.05,22.86,96.63967741935484,2.6990322580645163,81.34967741935485,6.216451612903226,0.788316129032258
2010,6,67.3,8.556999999999999,15.689666666666666,5.49,25.76,96.84033333333333,2.2706666666666666,74.91133333333333,10.877999999999998,0.6576333333333333
2010,7,66.38,9.449354838709677,19.366774193548387,8.62,32.97,96.98483870967742,2.0832258064516127,66.80096774193548,12.321935483870968,0.5595354838709677
2010,8,127.49,8.904516129032258,16.04290322580645,7.54,27.04,96.70225806451613,2.7529032258064516,76.78096774193548,11.452903225806452,0.7509225806451613
2010,9,80.33,7.318,11.724333333333334,2.73,21.34,96.80300000000001,2.4676666666666667,83.00933333333334,8.662666666666667,0.6609933333333333
2010,10,45.94,5.946451612903226,7.33741935483871,-2.97,20.43,96.6525806451613,2.929032258064516,86.87258064516129,5.15483870967742,0.6277677419354838
2010,11,84.75,5.153666666666667,3.888333333333333,-5.9,14.41,95.82633333333334,3.122333333333333,94.01433333333333,2.969333333333333,0.9134933333333334
2010,12,97.37,2.6861290322580644,-4.655161290322581,-13.16,1.11,96.29870967741937,2.8196774193548384,96.55129032258066,-5.430322580645162,0.8691193548387096
2011,1,81.9,3.79,-0.44290322580645164,-10.21,8.87,96.97451612903225,3.1151612903225803,96.4683870967742,-1.0409677419354837,0.7450032258064516
2011,2,40.31,4.103928571428571,1.167857142857143,-8.63,8.66,96.86535714285715,2.9314285714285715,94.05321428571428,0.2571428571428571,0.7966178571428572
2011,3,18.97,4.626129032258064,4.6174193548387095,-4.15,16.28,97.30677419354839,2.932903225806452,83.59967741935485,1.8483870967741935,0.47690000000000005
2011,4,28.11,6.341333333333334,10.741666666666667,-0.55,22.39,97.08733333333333,2.396,76.66799999999999,6.4206666666666665,0.5320433333333333
2011,5,36.07,6.733548387096774,12.680645161290322,0.74,26.15,97.09709677419356,2.4764516129032255,72.00322580645161,7.284193548387097,0.6022709677419356
2011,6,82.45,8.425666666666666,15.521333333333333,5.69,31.91,96.89033333333333,2.8603333333333336,74.44266666666667,10.516666666666667,0.7570866666666667
2011,7,60.23,7.876129032258064,15.290000000000001,7.01,27.55,96.57709677419355,2.589677419354839,72.17451612903226,9.73709677419355,0.767
2011,8,101.95,9.341935483870968,16.78774193548387,5.82,27.84,96.74096774193549,2.546774193548387,76.23709677419355,12.076129032258065,0.6591645161290323
2011,9,56.47,8.517333333333333,14.852666666666666,5.74,27.5,96.96666666666667,2.5693333333333332,78.66433333333333,10.831333333333333,0.5359966666666666
2011,10,38.74,6.190967741935484,8.783870967741937,-2.67,24.62,97.19580645161291,2.7993548387096774,83.93935483870968,5.932258064516129,0.5865
2011,11,11.87,5.342333333333333,5.0023333333333335,-3.18,14.6,97.20733333333332,2.4313333333333333,92.89366666666666,3.991,0.66249
2011,12,165.71,4.64483870967742,2.684516129032258,-3.69,9.3,96.4916129032258,4.46741935483871,95.55967741935484,2.0432258064516127,0.8729967741935484
2012,1,93.46000000000001,4.251935483870968,1.6174193548387097,-9.6,9.94,97.18645161290323,3.9080645161290324,94.06903225806451,0.7222580645161291,0.798583870967742
2012,2,37.19,3.024137931034483,-3.809310344827586,-20.5,12.63,97.77241379310345,2.956896551724138,92.34724137931035,-5.000344827586207,0.5518068965517242
2012,3,22.330000000000002,5.193548387096774,6.014193548387096,-2.53,17.48,97.78645161290324,2.411290322580645,86.64774193548386,3.7854838709677416,0.5169612903225806
2012,4,80.98,5.301666666666667,6.341666666666667,-3.5,20.8,95.804,3.14,83.968,3.594333333333333,0.7703666666666666
2012,5,76.67999999999999,7.943225806451613,12.897419354838709,1.21,23.76,96.81322580645161,2.634193548387097,81.13677419354839,9.466774193548385,0.664341935483871
2012,6,146.62,8.838333333333333,14.043666666666667,4.52,26.02,96.65266666666666,2.683,84.421,11.300999999999998,0.7971733333333333
2012,7,107.14999999999999,9.15258064516129,15.675483870967742,6.7,27.85,96.82322580645162,2.623548387096774,79.98322580645161,11.96967741935484,0.6929806451612903
2012,8,53.84,9.425161290322581,17.416451612903224,7.84,32.19,96.95645161290322,2.338709677419355,74.61483870967741,12.403870967741934,0.600183870967742
2012,9,55.43,7.008,12.629999999999999,2.63,26.42,96.874,2.4553333333333334,75.62033333333333,7.901333333333333,0.55935
2012,10,92.42999999999999,6.300322580645162,8.043548387096774,-3.87,19.8,96.46483870967741,3.037741935483871,87.92903225806452,5.997741935483871,0.6557096774193549
2012,11,61.5,5.015333333333333,3.8876666666666666,-3.51,9.72,96.44833333333332,2.9383333333333335,94.99133333333333,3.167333333333333,0.7824766666666666
2012,12,128.59,4.331290322580646,1.1838709677419357,-11.52,9.64,96.28129032258065,3.991612903225806,96.56,0.6370967741935484,0.8751064516129032
2013,1,54.82,3.57741935483871,-1.1496774193548387,-9.57,8.37,96.54451612903226,3.128064516129032,95.42032258064516,-1.9529032258064516,0.8957129032258064
2013,2,47.07,3.1653571428571428,-2.0925,-10.01,6.33,96.61,3.1317857142857144,93.29321428571428,-3.23,0.8900321428571428
2013,3,43.7,3.5300000000000002,-0.08483870967741934,-11.02,12.06,95.9574193548387,3.0474193548387096,87.94806451612902,-2.017741935483871,0.727658064516129
2013,4,51.9,5.380333333333334,6.552666666666666,-5.07,20.71,96.68033333333332,2.891,83.414,3.692333333333333,0.7550033333333332
2013,5,136.0,6.6012903225806445,9.710967741935484,1.03,19.55,96.3674193548387,2.6877419354838707,84.77935483870968,7.066774193548387,0.8317483870967741
2013,6,96.21,8.641666666666667,14.187999999999999,3.57,26.74,97.03966666666666,2.793,81.663,10.873,0.6694766666666666
2013,7,51.81,10.55225806451613,18.468387096774194,7.82,29.19,97.25129032258064,2.1806451612903226,77.88903225806452,14.23225806451613,0.45500322580645164
2013,8,44.29,8.806774193548387,16.884193548387096,7.26,29.55,97.09161290322581,2.076451612903226,72.28870967741935,11.339677419354837,0.5540225806451613
2013,9,83.56,7.7523333333333335,13.082333333333333,3.34,29.21,96.81966666666668,2.5643333333333334,80.51666666666667,9.448,0.6599133333333334
2013,10,107.15,7.329677419354839,10.128387096774194,1.75,20.1,96.76612903225806,3.200967741935484,89.7416129032258,8.41483870967742,0.7785870967741935
2013,11,74.79,4.860333333333333,3.2569999999999997,-4.67,13.7,96.732,3.1933333333333334,94.67833333333333,2.493333333333333,0.80193
2013,12,48.84,4.3267741935483865,1.7322580645161292,-3.31,9.63,97.14258064516129,3.686451612903226,95.6467741935484,1.1625806451612903,0.8742322580645161
2014,1,54.75,4.52741935483871,2.2312903225806453,-4.16,9.15,95.98258064516129,3.7129032258064516,95.47612903225807,1.5693548387096774,0.8453161290322581
2014,2,43.91,4.586071428571429,2.718928571428571,-2.31,10.03,95.87214285714286,4.241785714285714,94.26071428571429,1.894642857142857,0.8139642857142857
2014,3,9.4,4.908064516129032,5.7619354838709675,-2.77,19.01,96.85290322580646,2.536774193548387,82.90806451612903,2.854193548387097,0.4776741935483871
2014,4,22.93,6.310999999999999,10.074000000000002,-2.07,19.91,96.68599999999999,2.3473333333333333,79.261,6.351333333333333,0.6852833333333332
2014,5,73.8,6.90483870967742,11.45741935483871,0.48,22.97,96.81193548387097,2.8651612903225803,79.38290322580644,7.679032258064517,0.7228193548387096
2014,6,46.12,7.8293333333333335,15.980666666666668,5.76,30.06,97.02733333333335,2.4036666666666666,68.372,9.524666666666667,0.5485833333333333
2014,7,128.59,9.803870967741936,18.42838709677419,8.18,30.55,96.72516129032257,2.44258064516129,73.27645161290323,12.913548387096775,0.670541935483871
2014,8,133.95,8.619354838709677,14.695483870967742,4.47,25.27,96.64064516129032,2.511290322580645,80.1541935483871,10.998387096774193,0.746
2014,9,38.35,8.664,14.364333333333333,3.64,24.01,97.11033333333333,1.9913333333333334,82.25833333333334,11.15,0.6242766666666667
2014,10,91.32,7.699354838709677,10.957096774193548,3.1,20.7,96.87709677419355,2.494516129032258,90.36451612903227,9.399354838709677,0.7363483870967742
2014,11,69.25,5.7540000000000004,5.685666666666666,-1.3,15.9,96.325,2.663,95.45033333333335,5.041666666666667,0.8575666666666667
2014,12,97.76,4.219677419354839,1.1735483870967742,-8.99,9.66,96.99774193548386,3.544193548387097,96.58645161290322,0.6541935483870968,0.9240064516129033
2015,1,94.49000000000001,3.8070967741935484,-0.07322580645161289,-8.73,10.56,96.70032258064516,3.8406451612903227,95.60741935483871,-0.7770967741935485,0.8752774193548387
2015,2,42.96,3.5275,-0.8685714285714285,-10.56,6.22,96.75821428571429,3.069642857142857,94.75892857142857,-1.7267857142857144,0.751525
2015,3,48.04,4.589677419354839,3.953225806451613,-2.94,14.51,97.12935483870969,3.237096774193548,87.58935483870968,1.9496774193548387,0.5906838709677419
2015,4,55.03,5.311333333333334,7.629333333333333,-2.55,20.25,97.24033333333334,2.572,78.84899999999999,3.8256666666666663,0.5741200000000001
2015,5,38.89,6.819999999999999,11.250645161290322,1.34,21.57,96.84129032258065,2.73,79.3441935483871,7.513225806451612,0.7690451612903225
2015,6,63.01,8.055,14.948666666666666,5.78,27.3,97.18733333333333,2.6726666666666667,74.32833333333333,10.018666666666666,0.6391333333333333
2015,7,50.91,9.279032258064515,18.919677419354837,6.57,33.32,96.85903225806452,2.923225806451613,67.23677419354838,11.889032258064516,0.5686741935483871
2015,8,93.29,9.28225806451613,18.876451612903224,8.82,33.56,96.86483870967741,2.4496774193548387,68.02129032258064,12.029032258064516,0.5754354838709678
2015,9,123.85,7.257000000000001,11.591333333333333,3.34,21.55,96.99266666666668,2.985,82.62833333333333,8.457333333333333,0.60617
2015,10,32.53,6.078064516129031,7.46225806451613,-1.6,17.68,97.02548387096775,2.1177419354838714,89.48419354838708,5.77258064516129,0.7465709677419354
2015,11,97.00999999999999,6.118333333333334,6.549,-4.0,16.92,97.01666666666667,3.802,94.11,5.658666666666666,0.76183
2015,12,48.46,5.566774193548387,5.256451612903225,-2.33,11.91,97.70709677419354,3.5832258064516127,96.55387096774194,4.811935483870967,0.7722548387096775
2016,1,96.31,4.180000000000001,0.9393548387096774,-10.33,8.96,96.3958064516129,3.7935483870967746,96.15064516129033,0.35290322580645167,0.866041935483871
2016,2,102.06,4.285862068965517,1.8651724137931034,-5.71,8.85,96.24586206896552,4.253793103448276,92.35137931034483,0.6582758620689654,0.840496551724138
2016,3,80.74,4.249354838709677,2.4212903225806452,-4.57,11.48,96.5525806451613,3.186451612903226,89.98483870967742,0.8235483870967742,0.7183999999999999
2016,4,72.48,5.292333333333334,6.3453333333333335,-3.03,17.55,96.475,2.8583333333333334,84.84200000000001,3.7863333333333333,0.7340166666666667
2016,5,115.11999999999999,7.515483870967741,11.965806451612902,0.37,21.4,96.58741935483872,2.605161290322581,82.01709677419356,8.754193548387097,0.6982419354838709
2016,6,161.01,9.720333333333334,15.379999999999999,7.61,27.71,96.69433333333333,2.3216666666666668,85.60066666666667,12.828333333333335,0.7608433333333333
2016,7,90.52,10.419677419354839,17.072580645161292,6.55,28.46,97.07451612903226,2.162258064516129,82.79032258064517,13.928064516129032,0.681541935483871
2016,8,42.59,9.843225806451612,16.788387096774194,4.89,30.93,97.2258064516129,2.200967741935484,80.37741935483871,13.09032258064516,0.477216129032258
2016,9,23.03,8.520333333333333,16.085666666666665,6.04,28.72,97.13733333333333,1.9936666666666667,73.51633333333334,10.889999999999999,0.47764666666666666
2016,10,56.3,5.893225806451613,7.636774193548387,2.01,16.95,97.26774193548388,2.335806451612903,87.38032258064516,5.578064516129031,0.7122677419354839
2016,11,71.89,4.774333333333333,3.4093333333333335,-4.82,14.23,96.67,3.154333333333333,92.09333333333333,2.1903333333333332,0.7965833333333333
2016,12,17.78,3.950322580645161,0.5564516129032258,-6.29,7.76,98.0283870967742,2.477096774193549,96.04451612903226,0.02967741935483868,0.6153451612903226
2017,1,44.53,2.8561290322580644,-3.8087096774193547,-13.95,2.87,97.33838709677418,2.950967741935484,94.8583870967742,-4.700645161290322,0.5987806451612904
2017,2,58.09,4.484642857142857,2.4675000000000002,-3.02,9.83,96.76357142857144,3.4074999999999998,93.20964285714285,1.5139285714285715,0.7767678571428572
2017,3,52.41,5.312258064516129,6.3267741935483865,-1.68,18.25,96.82516129032258,3.351612903225807,85.71129032258065,3.924193548387097,0.7022451612903226
2017,4,13.32,4.828333333333333,6.524333333333333,-3.38,19.01,97.22133333333333,2.398,77.963,2.5796666666666668,0.5482666666666667
2017,5,52.99,7.751935483870968,13.45774193548387,0.37,28.16,96.92354838709677,2.2303225806451614,77.58870967741936,9.223548387096775,0.6357774193548387
2017,6,52.39,8.609333333333332,17.951666666666664,7.24,31.62,96.74600000000001,2.7209999999999996,66.73,10.997000000000002,0.5719733333333333
2017,7,95.15,9.174193548387096,18.603870967741937,7.22,31.88,96.78225806451613,2.702903225806452,68.79774193548387,11.974516129032258,0.7037709677419355
2017,8,84.34,9.359032258064516,17.213548387096775,7.92,28.97,97.00774193548386,2.124516129032258,75.04709677419355,12.300967741935484,0.663658064516129
2017,9,81.21,7.3709999999999996,12.324666666666667,3.81,22.35,96.769,2.4526666666666666,80.52233333333334,8.780666666666667,0.69863
2017,10,37.97,7.030967741935484,9.965483870967741,0.26,21.0,97.21903225806452,3.0587096774193547,87.97290322580645,8.071290322580646,0.6489612903225807
2017,11,86.44,4.913333333333333,3.744666666666667,-3.09,13.49,96.73566666666667,2.847,93.98233333333333,2.8626666666666667,0.7986266666666667
2017,12,105.92,4.283870967741936,1.3174193548387099,-4.5,10.61,96.55967741935484,3.7745161290322584,96.97064516129032,0.8554838709677419,0.8353290322580645
2018,1,117.0,4.8590322580645156,3.396451612903226,-1.95,10.19,96.44903225806452,4.280967741935484,95.26064516129033,2.717741935483871,0.8695967741935484
2018,2,22.15,2.8610714285714285,-2.893214285714286,-13.15,4.14,96.735,3.4010714285714285,89.73214285714286,-4.5632142857142854,0.5699964285714285
2018,3,58.42,4.302903225806452,2.0867741935483872,-10.23,12.19,95.56903225806451,3.3506451612903225,90.19193548387096,0.5277419354838709,0.8177903225806452
2018,4,45.9,6.842333333333333,10.776666666666667,-1.73,24.34,96.47600000000001,2.811,81.46766666666667,7.455666666666667,0.6496133333333333
2018,5,86.39,8.399999999999999,14.33548387096774,0.44,24.46,96.8474193548387,2.3332258064516127,78.72645161290322,10.38258064516129,0.6118193548387096
2018,6,71.79,9.796666666666665,16.738333333333333,4.85,26.85,97.036,2.229,79.77399999999999,12.959,0.6416566666666667
2018,7,15.53,8.63258064516129,21.03774193548387,9.41,34.22,96.92096774193548,1.9241935483870967,56.23161290322581,11.110322580645162,0.5213774193548387
2018,8,39.42,8.370967741935484,19.713870967741936,6.97,34.94,97.01225806451613,2.4251612903225808,59.295161290322575,10.463870967741935,0.5563129032258064
2018,9,44.53,6.861000000000001,14.677,1.91,28.61,97.356,2.2753333333333337,65.24966666666667,7.378333333333333,0.537
2018,10,24.68,6.324838709677419,10.340645161290322,0.84,24.29,96.97935483870968,2.701935483870968,78.94483870967741,6.3751612903225805,0.5477064516129032
2018,11,43.64,5.115666666666667,4.5696666666666665,-3.15,14.65,96.80633333333334,2.8993333333333333,91.05266666666667,3.2030000000000003,0.7588
2018,12,114.06,4.6970967741935485,2.7567741935483867,-4.32,11.7,97.06129032258065,3.544516129032258,94.23354838709676,1.9125806451612903,0.8420225806451612
2019,1,57.36,3.677096774193548,-0.34838709677419344,-9.19,6.41,96.64838709677419,3.664516129032258,94.20935483870969,-1.251290322580645,0.8254387096774194
2019,2,33.75,4.108928571428572,2.0710714285714285,-6.06,15.95,97.3875,2.8260714285714283,88.93107142857143,0.3803571428571428,0.5695535714285714
2019,3,81.75,5.0041935483870965,5.557741935483871,-2.54,16.17,96.91064516129032,4.180322580645162,85.52290322580646,3.1335483870967744,0.6505161290322581
2019,4,48.269999999999996,5.729,8.211666666666666,-3.09,20.87,96.61666666666666,2.6326666666666667,81.33566666666667,4.888,0.6369266666666668
2019,5,63.83,6.3103225806451615,10.064193548387097,-1.88,20.73,96.75548387096775,2.52258064516129,79.1641935483871,6.2538709677419355,0.7185806451612903
2019,6,43.13,9.349333333333334,18.065333333333335,7.31,32.58,96.89,2.466,71.24600000000001,12.188333333333333,0.5469933333333333
2019,7,35.660000000000004,7.900322580645161,19.74225806451613,7.93,38.62,96.86903225806452,2.3009677419354837,56.70645161290323,9.63225806451613,0.6368032258064517
2019,8,45.77,8.469032258064518,19.063548387096777,9.15,31.72,96.9416129032258,2.2738709677419355,62.11806451612903,10.69774193548387,0.6190193548387096
2019,9,55.190000000000005,6.927333333333333,13.985999999999999,4.45,26.56,97.13533333333334,2.7576666666666667,69.2,7.596666666666667,0.5918399999999999
2019,10,99.11,7.057741935483871,9.800645161290323,-2.22,21.39,96.63,3.3158064516129033,88.51322580645162,7.875806451612903,0.7972258064516129
2019,11,82.47,5.107333333333333,3.7560000000000002,-3.85,12.78,95.63033333333333,3.0006666666666666,95.342,3.104,0.8642966666666666
2019,12,78.62,4.699354838709677,2.8048387096774197,-3.83,12.2,96.4358064516129,3.6835483870967742,94.57741935483871,2.0167741935483874,0.7807258064516129
2020,1,49.45,4.52483870967742,2.2764516129032257,-3.89,9.52,97.42290322580645,3.605483870967742,96.19064516129032,1.752258064516129,0.7448580645161291
2020,2,126.22,4.975862068965518,4.061379310344828,-3.02,12.33,96.60448275862069,5.498275862068965,92.63793103448276,2.947241379310345,0.8268655172413792
2020,3,68.98,4.711612903225807,4.258387096774193,-5.16,15.34,96.83354838709678,3.8787096774193546,86.15774193548387,1.9903225806451614,0.5884645161290323
2020,4,18.46,5.840999999999999,9.926333333333334,-3.25,20.44,96.91466666666666,2.5563333333333333,74.17233333333334,5.116333333333333,0.35492
2020,5,32.44,6.408387096774193,11.458387096774192,-1.66,23.86,97.23354838709677,2.5883870967741935,73.7074193548387,6.4716129032258065,0.4876129032258064
2020,6,68.23,8.455333333333334,15.775666666666666,4.14,28.17,96.60933333333334,2.405333333333333,74.27266666666667,10.727,0.6800666666666667
2020,7,25.49,7.865806451612904,18.063870967741938,7.56,34.53,96.97387096774193,2.6238709677419356,62.34903225806451,9.624516129032259,0.6227225806451613
2020,8,45.410000000000004,9.178387096774195,20.45935483870968,9.91,35.27,96.67903225806452,2.3425806451612905,61.70225806451613,11.88258064516129,0.6944806451612904
2020,9,45.44,6.927333333333333,16.005666666666666,4.94,32.76,96.88766666666668,2.222,62.37933333333333,7.744666666666666,0.5536233333333332
2020,10,96.86,6.745483870967742,8.936129032258064,0.3,18.82,96.39354838709677,3.5929032258064515,90.09096774193549,7.3261290322580646,0.8782129032258064
2020,11,30.56,5.611000000000001,5.525333333333333,-4.82,16.97,97.46166666666666,2.788,92.93633333333334,4.501,0.6343933333333334
2020,12,99.25,4.669354838709677,2.3354838709677415,-3.67,11.85,95.82709677419355,3.202258064516129,96.78354838709677,1.8770967741935483,0.9005354838709677
2021,1,84.6,3.614516129032258,-0.8848387096774194,-8.6,7.36,96.20129032258065,3.3287096774193548,96.3083870967742,-1.5219354838709678,0.8843193548387097
2021,2,51.01,4.461428571428572,1.9496428571428572,-11.9,14.86,96.89464285714287,3.4932142857142856,92.30428571428571,0.7410714285714287,0.6471
2021,3,44.11,4.4883870967741935,3.9525806451612904,-4.41,20.19,97.26387096774194,3.135483870967742,85.58612903225807,1.56,0.6135741935483872
2021,4,44.4,4.423,4.923666666666667,-4.15,19.6,97.06833333333334,2.7,79.64033333333333,1.3043333333333333,0.57685
2021,5,76.27,6.138387096774193,9.149032258064516,-0.27,21.4,96.45838709677419,3.3812903225806448,81.82129032258065,5.95741935483871,0.7598451612903225
2021,6,100.28,10.337333333333333,17.567666666666664,6.87,27.47,96.99666666666667,2.0816666666666666,79.92800000000001,13.807666666666668,0.6750666666666666
2021,7,171.64999999999998,10.276451612903225,16.84709677419355,9.38,24.17,96.77612903225807,2.3890322580645162,83.42387096774193,13.83,0.6854645161290323
2021,8,68.18,9.480322580645161,15.582258064516129,8.28,24.98,96.91193548387096,2.547096774193548,83.70806451612903,12.624516129032259,0.7363516129032258
2021,9,43.8,8.487666666666666,14.823333333333332,4.81,25.18,97.14466666666667,1.8333333333333333,78.72766666666666,10.812333333333333,0.5763066666666667
2021,10,54.82,6.421290322580645,8.798709677419355,-0.06,17.04,97.04387096774194,3.033225806451613,87.16290322580646,6.682258064516129,0.6648451612903226
2021,11,41.31,4.780666666666666,3.3623333333333334,-3.07,11.36,96.743,2.3579999999999997,94.09899999999999,2.5189999999999997,0.7528766666666667
2021,12,61.45,4.656129032258065,2.4325806451612904,-5.13,12.36,96.56645161290322,3.049677419354839,96.69451612903227,1.9609677419354838,0.8358612903225806
2022,1,70.49,4.101290322580645,1.1196774193548387,-4.55,8.61,97.56161290322581,3.0712903225806456,95.29806451612903,0.4319354838709677,0.7371032258064516
2022,2,66.09,4.581785714285714,3.1464285714285714,-3.86,10.69,96.91214285714285,4.935714285714285,91.54892857142856,1.8303571428571428,0.6570892857142857
2022,3,25.03,4.354193548387096,4.70741935483871,-4.75,17.36,97.41870967741936,2.5187096774193547,78.97290322580645,1.0261290322580645,0.4508838709677419
2022,4,49.04,5.359,7.502,-3.2,18.18,96.59666666666666,3.2239999999999998,79.77133333333333,3.8666666666666667,0.7017
2022,5,42.01,7.707741935483871,13.80967741935484,2.09,25.63,97.04451612903226,2.370967741935484,75.96645161290323,9.29258064516129,0.6311516129032257
2022,6,93.4,8.699333333333334,17.562666666666665,4.95,32.21,96.87899999999999,2.1446666666666667,69.063,11.129999999999999,0.6119366666666667
2022,7,17.72,8.050967741935484,19.84032258064516,8.53,35.82,97.3083870967742,2.357741935483871,57.58806451612903,10.093225806451612,0.504283870967742
2022,8,26.43,8.144516129032258,21.39741935483871,10.03,33.78,96.97354838709677,2.213225806451613,52.60193548387097,10.115806451612903,0.5085612903225807
2022,9,105.81,7.3966666666666665,13.790333333333333,3.74,29.1,96.57,2.4076666666666666,73.94800000000001,8.548666666666666,0.6994966666666667
2022,10,82.32,8.043225806451613,11.886451612903226,1.95,20.14,97.10387096774193,2.6177419354838714,88.60483870967742,9.97741935483871,0.7215999999999999
2022,11,85.95,5.953333333333333,6.535333333333333,0.67,13.63,96.49233333333333,3.1843333333333335,94.028,5.625333333333333,0.8194
2022,12,80.26,4.370322580645161,1.2306451612903226,-9.13,13.15,96.51,3.209354838709677,95.70548387096774,0.5467741935483871,0.8209935483870968
2023,1,133.64,4.572258064516129,2.233225806451613,-7.36,9.74,96.73677419354838,4.211612903225807,95.41677419354839,1.5129032258064516,0.8717935483870968
2023,2,21.57,4.477142857142857,2.6035714285714286,-5.04,10.53,97.78321428571428,3.2689285714285714,92.31535714285714,1.4689285714285716,0.6325000000000001
2023,3,114.73,5.184516129032258,4.799677419354839,-4.32,14.62,96.20290322580645,3.929032258064516,89.89322580645161,3.1954838709677422,0.800116129032258
2023,4,67.75,5.452666666666667,6.887333333333333,-4.1,17.12,96.72399999999999,3.02,84.209,4.200333333333333,0.7479
2023,5,49.58,7.493870967741936,12.424516129032257,1.25,21.69,97.14451612903225,2.725806451612903,80.96322580645162,8.978064516129033,0.6011548387096775
2023,6,34.75,9.304,18.240333333333336,6.98,28.48,96.94866666666667,2.3186666666666667,70.05366666666667,12.171333333333333,0.41977666666666663
2023,7,101.64,8.738387096774193,18.27258064516129,8.24,33.11,96.64483870967742,3.1390322580645162,66.7583870967742,11.188387096774193,0.7150806451612903
2023,8,113.2,10.342258064516129,17.475483870967743,7.55,28.28,96.71419354838709,2.467741935483871,80.20548387096774,13.70741935483871,0.6575709677419355
2023,9,58.83,9.208,17.242666666666665,6.27,30.19,96.97633333333333,2.21,74.10133333333333,12.027,0.46786
2023,10,124.79,7.451612903225806,11.32548387096774,2.26,24.1,96.32000000000001,3.285806451612903,85.33774193548388,8.711935483870967,0.7490193548387096
2023,11,134.79,5.578333333333333,5.21,-5.88,12.99,95.85100000000001,4.270333333333332,94.81,4.427333333333333,0.8475566666666666
2023,12,101.67,4.963225806451613,3.2838709677419353,-9.46,9.06,96.5374193548387,4.371290322580645,96.22806451612904,2.7196774193548388,0.8746096774193548
2024,1,95.11,3.8629032258064515,-0.13451612903225812,-14.19,9.4,96.92645161290324,3.885483870967742,94.63483870967741,-1.0193548387096774,0.7598999999999999
2024,2,116.89,5.592068965517241,5.486206896551724,-1.64,11.4,96.4251724137931,4.097931034482759,94.61,4.6786206896551725,0.8573689655172414
2024,3,87.31,5.816451612903226,6.764193548387096,-1.22,15.03,96.01741935483871,3.099354838709677,89.95516129032258,5.1732258064516135,0.8178451612903226
2024,4,86.09,6.368666666666667,8.357666666666667,-2.57,21.19,96.65133333333333,3.4320000000000004,87.11966666666667,6.226333333333333,0.8352166666666666
2024,5,195.53,8.39516129032258,13.072903225806451,3.84,21.88,96.50870967741936,2.2719354838709678,86.34225806451613,10.695483870967742,0.7762741935483871
2024,6,116.96000000000001,9.155666666666667,15.050333333333333,5.5,26.74,96.67800000000001,2.518666666666667,82.10933333333334,11.794333333333332,0.6686266666666667
2024,7,92.99000000000001,10.481935483870968,17.364193548387096,7.07,27.71,96.79838709677419,2.2716129032258063,81.42999999999999,13.95032258064516,0.3493806451612903
2024,8,73.75,11.332258064516129,18.653870967741934,8.55,29.22,96.85548387096775,2.1609677419354836,81.08161290322582,15.113225806451613,-9.99
2024,9,116.17999999999999,9.006333333333334,14.338333333333333,2.23,27.58,96.71533333333333,3.0386666666666664,84.175,11.466666666666667,-9.99
2024,10,123.04,7.736451612903226,10.564516129032258,1.78,18.29,96.8358064516129,2.4570967741935483,92.04451612903226,9.378387096774194,-9.99
2024,11,72.95,5.347333333333333,4.711666666666667,-4.76,12.81,97.20800000000001,2.884,95.02433333333333,4.007,-9.99
2024,12,74.52,4.280322580645161,1.595483870967742,-3.33,9.15,97.30064516129033,3.4099999999999997,95.84548387096774,0.977741935483871,-9.99
